Rk,Squad,MP,W,D,L,GF,GA,GD,Pts,Pts/MP,Last 5,Attendance,Top Team Scorer,Goalkeeper,Notes,Season,StatType
1,Arsenal,23,15,5,3,42,17,25,50,2.17,W W D D L,60205,"Leandro Trossard, Viktor Gyökeres - 5",David Raya,,2025-2026,standard
2,Manchester City,23,14,4,5,47,21,26,46,2.0,D D D L W,52342,Erling Haaland - 20,Gianluigi Donnarumma,,2025-2026,standard
3,Aston Villa,23,14,4,5,35,25,10,46,2.0,L W D L W,41935,Ollie Watkins - 8,Emiliano Martínez,,2025-2026,standard
4,Manchester Utd,23,10,8,5,41,34,7,38,1.65,D D D W W,73965,Bryan Mbeumo - 8,Senne Lammens,,2025-2026,standard
5,Chelsea,23,10,7,6,39,25,14,37,1.61,D D L W W,39647,João Pedro - 8,Robert Sánchez,,2025-2026,standard
6,Liverpool,23,10,6,7,35,32,3,36,1.57,D D D D L,60372,Hugo Ekitike - 8,Alisson,,2025-2026,standard
7,Fulham,23,10,4,9,32,32,0,34,1.48,D D W L W,27089,Harry Wilson - 8,Bernd Leno,,2025-2026,standard
8,Brentford,23,10,3,10,35,32,3,33,1.43,D W W L L,17088,Thiago - 16,Caoimhín Kelleher,,2025-2026,standard
9,Newcastle United,23,9,6,8,32,29,3,33,1.43,W W W D L,52055,Bruno Guimarães - 8,Nick Pope,,2025-2026,standard
10,Everton,23,9,6,8,25,26,-1,33,1.43,W L D W D,52131,Thierno Barry - 5,Jordan Pickford,,2025-2026,standard
11,Sunderland,23,8,9,6,24,26,-2,33,1.43,D D L W L,46236,Brian Brobbey - 5,Robin Roefs,,2025-2026,standard
12,Brighton,23,7,9,7,33,31,2,30,1.3,D W D D L,31323,Danny Welbeck - 8,Bart Verbruggen,,2025-2026,standard
13,Bournemouth,23,7,9,7,38,43,-5,30,1.3,D L W D W,11159,Antoine Semenyo - 10,Đorđe Petrović,,2025-2026,standard
14,Tottenham Hotspur,23,7,7,9,33,31,2,28,1.22,D D L L D,60977,Richarlison - 7,Guglielmo Vicario,,2025-2026,standard
15,Crystal Palace,23,7,7,9,24,28,-4,28,1.22,D L D L L,25028,Jean-Philippe Mateta - 8,Dean Henderson,,2025-2026,standard
16,Leeds United,23,6,8,9,31,38,-7,26,1.13,D D L W D,36689,Dominic Calvert-Lewin - 9,Lucas Perri,,2025-2026,standard
17,Nottingham Forest,23,7,4,12,23,34,-11,25,1.09,L L W D W,30509,Morgan Gibbs-White - 5,Matz Sels,,2025-2026,standard
18,West Ham United,23,5,5,13,27,45,-18,20,0.87,D L L W W,62454,Jarrod Bowen - 7,Alphonse Areola,,2025-2026,standard
19,Burnley,23,3,6,14,25,44,-19,15,0.65,L L D D D,21129,"Zian Flemming, Jaidon Anthony - 5",Martin Dúbravka,,2025-2026,standard
20,Wolves,23,1,5,17,15,43,-28,8,0.35,D W D D L,29764,"Hwang Hee-chan, Santiago Bueno... - 2",Sam Johnstone,,2025-2026,standard
1,Liverpool,38,25,9,4,86,41,45,84,2.21,,60324,Mohamed Salah - 29,Alisson,→ Champions League via league finish,2024-2025,standard
2,Arsenal,38,20,14,4,69,34,35,74,1.95,,60251,Kai Havertz - 9,David Raya,→ Champions League via league finish,2024-2025,standard
3,Manchester City,38,21,8,9,72,44,28,71,1.87,,52756,Erling Haaland - 22,Ederson,→ Champions League via league finish,2024-2025,standard
4,Chelsea,38,20,9,9,64,43,21,69,1.82,,39672,Cole Palmer - 15,Robert Sánchez,→ Champions League via league finish,2024-2025,standard
5,Newcastle United,38,20,6,12,68,47,21,66,1.74,,52187,Alexander Isak - 23,Nick Pope,→ Champions League via league finish,2024-2025,standard
6,Aston Villa,38,19,9,10,58,51,7,66,1.74,,42079,Ollie Watkins - 16,Emiliano Martínez,→ Europa League via league finish,2024-2025,standard
7,Nottingham Forest,38,19,8,11,58,46,12,65,1.71,,30059,Chris Wood - 20,Matz Sels,→ Conference League via league finish,2024-2025,standard
8,Brighton,38,16,13,9,66,59,7,61,1.61,,31798,"Danny Welbeck, Kaoru Mitoma... - 10",Bart Verbruggen,,2024-2025,standard
9,Bournemouth,38,15,11,12,58,46,12,56,1.47,,11210,Justin Kluivert - 12,Kepa Arrizabalaga,,2024-2025,standard
10,Brentford,38,16,8,14,66,57,9,56,1.47,,18742,Bryan Mbeumo - 20,Mark Flekken,,2024-2025,standard
11,Fulham,38,15,9,14,54,54,0,54,1.42,,26826,Raúl Jiménez - 12,Bernd Leno,,2024-2025,standard
12,Crystal Palace,38,13,14,11,51,51,0,53,1.39,,25064,Jean-Philippe Mateta - 14,Dean Henderson,→ Europa League via cup win,2024-2025,standard
13,Everton,38,11,15,12,42,44,-2,48,1.26,,38439,Iliman Ndiaye - 9,Jordan Pickford,,2024-2025,standard
14,West Ham United,38,11,10,17,46,62,-16,43,1.13,,62463,Jarrod Bowen - 13,Alphonse Areola,,2024-2025,standard
15,Manchester Utd,38,11,9,18,44,54,-10,42,1.11,,73747,"Bruno Fernandes, Amad Diallo - 8",André Onana,,2024-2025,standard
16,Wolves,38,12,6,20,54,69,-15,42,1.11,,30695,Matheus Cunha - 15,José Sá,,2024-2025,standard
17,Tottenham Hotspur,38,11,5,22,64,65,-1,38,1.0,,61127,Brennan Johnson - 11,Guglielmo Vicario,→ Champions League,2024-2025,standard
18,Leicester City,38,6,7,25,33,80,-47,25,0.66,,31448,Jamie Vardy - 9,Mads Hermansen,Relegated,2024-2025,standard
19,Ipswich Town,38,4,10,24,36,82,-46,22,0.58,,29742,Liam Delap - 12,Arijanet Muric,Relegated,2024-2025,standard
20,Southampton,38,2,6,30,26,86,-60,12,0.32,,30882,Paul Onuachu - 4,Aaron Ramsdale,Relegated,2024-2025,standard
1,Manchester City,38,28,7,3,96,34,62,91,2.39,,53012,Erling Haaland - 27,Ederson,→ Champions League via league finish,2023-2024,standard
2,Arsenal,38,28,5,5,91,29,62,89,2.34,,60236,Bukayo Saka - 16,David Raya,→ Champions League via league finish,2023-2024,standard
3,Liverpool,38,24,10,4,86,41,45,82,2.16,,55979,Mohamed Salah - 18,Alisson,→ Champions League via league finish,2023-2024,standard
4,Aston Villa,38,20,8,10,76,61,15,68,1.79,,41858,Ollie Watkins - 19,Emiliano Martínez,→ Champions League via league finish,2023-2024,standard
5,Tottenham Hotspur,38,20,6,12,74,61,13,66,1.74,,61482,Son Heung-min - 17,Guglielmo Vicario,→ Europa League via league finish,2023-2024,standard
6,Chelsea,38,18,9,11,77,63,14,63,1.66,,39524,Cole Palmer - 22,Đorđe Petrović,→ Conference League via league finish,2023-2024,standard
7,Newcastle United,38,18,6,14,85,62,23,60,1.58,,52125,Alexander Isak - 21,Martin Dúbravka,,2023-2024,standard
8,Manchester Utd,38,18,6,14,57,58,-1,60,1.58,,73533,"Rasmus Højlund, Bruno Fernandes - 10",André Onana,→ Europa League via cup win,2023-2024,standard
9,West Ham United,38,14,10,14,60,74,-14,52,1.37,,62567,Jarrod Bowen - 16,Alphonse Areola,,2023-2024,standard
10,Crystal Palace,38,13,10,15,57,58,-1,49,1.29,,24932,Jean-Philippe Mateta - 16,Sam Johnstone,,2023-2024,standard
11,Brighton,38,12,12,14,55,62,-7,48,1.26,,32638,João Pedro - 9,Bart Verbruggen,,2023-2024,standard
12,Bournemouth,38,13,9,16,54,67,-13,48,1.26,,11103,Dominic Solanke - 19,Neto,,2023-2024,standard
13,Fulham,38,13,8,17,55,61,-6,47,1.24,,24302,Rodrigo Muniz - 9,Bernd Leno,,2023-2024,standard
14,Wolves,38,13,7,18,50,65,-15,46,1.21,,31029,"Hwang Hee-chan, Matheus Cunha - 12",José Sá,,2023-2024,standard
15,Everton,38,13,9,16,40,51,-11,40,1.05,,39042,"Abdoulaye Doucouré, Dominic Calvert-Lewin - 7",Jordan Pickford,8-point deduction 1,2023-2024,standard
16,Brentford,38,10,9,19,56,65,-9,39,1.03,,17082,Yoane Wissa - 12,Mark Flekken,,2023-2024,standard
17,Nottingham Forest,38,9,9,20,49,67,-18,32,0.84,,29386,Chris Wood - 14,Matt Turner,4-point deduction 2,2023-2024,standard
18,Luton Town,38,6,8,24,52,85,-33,26,0.68,,11240,Carlton Morris - 11,Thomas Kaminski,Relegated,2023-2024,standard
19,Burnley,38,5,9,24,41,78,-37,24,0.63,,21184,Jacob Bruun Larsen - 6,James Trafford,Relegated,2023-2024,standard
20,Sheffield United,38,3,7,28,35,104,-69,16,0.42,,30011,"Oliver McBurnie, Ben Brereton - 6",Wes Foderingham,Relegated,2023-2024,standard
